Order:,2024_O1_I1.dsp,,,,,,,
Date:,Tuesday, September 12, 2023    ,,,,,,,
Time:,22:08:23,,,,,,,
Machine:,DU_TP9,,,,,,,
Notes:,,,,,,,,
,,,,,,,,
Total number of sheets:,39,,,,,,,
Total Number of SubNests:,38,,,,,,,
Order Efficiency:,80.29,,,,,,,
,,,,,,,,
Total ordered parts:,250,,,,,,,
Total Placed Parts:,250,,,,,,,
,,,,,,,,
,,,,,,,,
SubNests in order:,,,,,,,,
-------------------------------------------------------------------------------------------------------------,,,,,,,,
Plate#  ,Size X     ,Size Y     ,Material    ,Thickness ,Qty     ,Area      ,Weight   ,Efficiency   , Punches
-------------------------------------------------------------------------------------------------------------,,,,,,,,
1 ,2200 ,1200 ,ACO NBR 7008 ZC     ,0.95   ,1 ,2.64  ,19.688  ,56.51    ,448
2 ,2200 ,1200 ,ACO NBR 7008 ZC     ,0.95   ,1 ,2.64  ,19.688  ,50.84    ,571
3 ,2200 ,1200 ,ACO NBR 7008 ZC     ,0.95   ,1 ,2.64  ,19.688  ,65.82    ,705
4 ,2200 ,1200 ,ACO NBR 7008 ZC     ,1.95   ,1 ,2.64  ,40.412  ,85.62    ,838
5 ,2200 ,1200 ,ACO NBR 7008 ZC     ,1.95   ,1 ,2.64  ,40.412  ,90.39    ,824
6 ,2200 ,1200 ,ACO NBR 7008 ZC     ,1.95   ,1 ,2.64  ,40.412  ,86.26    ,1094
7 ,2200 ,1200 ,ACO NBR 7008 ZC     ,1.95   ,1 ,2.64  ,40.412  ,89.46    ,1000
8 ,2200 ,1200 ,ACO NBR 7008 ZC     ,1.95   ,1 ,2.64  ,40.412  ,88.27    ,1214
9 ,2200 ,1200 ,ACO NBR 7008 ZC     ,1.95   ,1 ,2.64  ,40.412  ,87.6    ,1026
10 ,2200 ,1200 ,ACO NBR 7008 ZC     ,1.95   ,1 ,2.64  ,40.412  ,89.15    ,1198
11 ,2200 ,1200 ,ACO NBR 7008 ZC     ,1.95   ,1 ,2.64  ,40.412  ,88.78    ,876
12 ,2200 ,1200 ,ACO NBR 7008 ZC     ,1.95   ,1 ,2.64  ,40.412  ,83.13    ,757
13 ,2200 ,1200 ,ACO NBR 7008 ZC     ,1.95   ,1 ,2.64  ,40.412  ,85.38    ,562
14 ,2200 ,1200 ,ACO NBR 7008 ZC     ,1.95   ,1 ,2.64  ,40.412  ,87.14    ,640
15 ,2200 ,1200 ,ACO NBR 7008 ZC     ,1.95   ,1 ,2.64  ,40.412  ,78.54    ,564
16 ,2200 ,1200 ,ACO NBR 7008 ZC     ,1.95   ,1 ,2.64  ,40.412  ,83.95    ,543
17 ,2200 ,1200 ,ACO NBR 7008 ZC     ,1.95   ,1 ,2.64  ,40.412  ,79.65    ,1062
18 ,2200 ,1200 ,ACO NBR 7008 ZC     ,2.7   ,1 ,2.64  ,55.955  ,84.62    ,1061
19 ,2200 ,1200 ,ACO NBR 7008 ZC     ,2.7   ,1 ,2.64  ,55.955  ,58.04    ,660
20 ,2200 ,1200 ,ACO SAE 1008 COMUM     ,1.5   ,1 ,2.64  ,31.086  ,64.77    ,359
21 ,1200 ,800 ,ACO SAE 1008 COMUM     ,1.5   ,1 ,0.96  ,11.304  ,62.07    ,304
22 ,650 ,300 ,ACO SAE 1008 COMUM     ,1.9   ,1 ,0.20  ,2.908  ,51.47    ,304
23 ,2200 ,1200 ,ACO NBR 7008 ZC PRE PINTADA     ,1.95   ,2 ,2.64  ,40.412  ,95.32    ,36
24 ,2200 ,1200 ,ACO NBR 7008 ZC PRE PINTADA     ,1.95   ,1 ,2.64  ,40.412  ,84.73    ,183
25 ,2200 ,1200 ,ACO NBR 7008 ZC PRE PINTADA     ,1.95   ,1 ,2.64  ,40.412  ,89.53    ,318
26 ,2200 ,1200 ,ACO NBR 7008 ZC PRE PINTADA     ,1.95   ,1 ,2.64  ,40.412  ,94.12    ,359
27 ,2200 ,1200 ,ACO NBR 7008 ZC PRE PINTADA     ,1.95   ,1 ,2.64  ,40.412  ,92.8    ,358
28 ,2200 ,1200 ,ACO NBR 7008 ZC PRE PINTADA     ,1.95   ,1 ,2.64  ,40.412  ,92.02    ,461
29 ,2200 ,1200 ,ACO NBR 7008 ZC PRE PINTADA     ,1.95   ,1 ,2.64  ,40.412  ,91.84    ,469
30 ,2200 ,1200 ,ACO NBR 7008 ZC PRE PINTADA     ,1.95   ,1 ,2.64  ,40.412  ,80.53    ,477
31 ,2200 ,1200 ,ACO NBR 7008 ZC PRE PINTADA     ,1.95   ,1 ,2.64  ,40.412  ,80.38    ,430
32 ,2200 ,1200 ,ACO NBR 7008 ZC PRE PINTADA     ,1.95   ,1 ,2.64  ,40.412  ,81.62    ,332
33 ,2200 ,1200 ,ACO NBR 7008 ZC PRE PINTADA     ,1.95   ,1 ,2.64  ,40.412  ,78.54    ,420
34 ,2200 ,1200 ,ACO NBR 7008 ZC PRE PINTADA     ,1.95   ,1 ,2.64  ,40.412  ,83.49    ,285
35 ,2200 ,1200 ,ACO NBR 7008 ZC PRE PINTADA     ,1.95   ,1 ,2.64  ,40.412  ,66.4    ,339
36 ,2200 ,1200 ,ACO NBR 7008 ZC PRE PINTADA     ,1.95   ,1 ,2.64  ,40.412  ,59    ,203
37 ,2200 ,1200 ,ACO NBR 7008 ZC PRE PINTADA     ,1.95   ,1 ,2.64  ,40.412  ,70.94    ,327
38 ,2200 ,1200 ,ACO NBR 7008 ZC PRE PINTADA     ,1.95   ,1 ,2.64  ,40.412  ,58.87    ,445
-------------------------------------------------------------------------------------------------------------,,,,,,,,
,,,,,,,,
Parts in order:,,,,,,,,
---------------------------------------------------------------------------------------------------------,,,,,,,,
Name,  Ordered Qty,  Placed Qty,  Weight,  Gross,  Material,  Thickness, Length , Width, Area,,,,
---------------------------------------------------------------------------------------------------------,,,,,,,,
Z:\PROCESSO\E-2024\Ordem de serviço 1\ITEM 1\PROGRAMAÇÃO\IN.P.TL.001.01.CB.DFT,  3,  3,  2.57,  2.57,  ACO NBR 7008 ZC PRE PINTADA,  1.95,  1697.4 ,  102.4, 0.168 M²,,,,
Z:\PROCESSO\E-2024\Ordem de serviço 1\ITEM 1\PROGRAMAÇÃO\IN.P.TL.002.01.CB.DFT,  2,  2,  3.09,  3.09,  ACO NBR 7008 ZC PRE PINTADA,  1.95,  1697.4 ,  122.4, 0.202 M²,,,,
Z:\PROCESSO\E-2024\Ordem de serviço 1\ITEM 1\PROGRAMAÇÃO\IN.P.FE.001.01.CB.DFT,  2,  2,  38.52,  38.52,  ACO NBR 7008 ZC PRE PINTADA,  1.95,  2135 ,  1180, 2.516 M²,,,,
Z:\PROCESSO\E-2024\Ordem de serviço 1\ITEM 1\PROGRAMAÇÃO\NP.P.FE.012.01.BB.DFT,  4,  4,  0.05,  0.05,  ACO NBR 7008 ZC,  1.95,  60 ,  60, 0.003 M²,,,,
Z:\PROCESSO\E-2024\Ordem de serviço 1\ITEM 1\PROGRAMAÇÃO\IN.P.CL.001.02.CB.DFT,  2,  2,  5.20,  5.2,  ACO NBR 7008 ZC PRE PINTADA,  1.95,  2147.4 ,  161.6, 0.34 M²,,,,
Z:\PROCESSO\E-2024\Ordem de serviço 1\ITEM 1\PROGRAMAÇÃO\IN.P.CL.001.03.CB.DFT,  2,  2,  5.51,  5.51,  ACO NBR 7008 ZC PRE PINTADA,  1.95,  2147.4 ,  171.6, 0.36 M²,,,,
Z:\PROCESSO\E-2024\Ordem de serviço 1\ITEM 1\PROGRAMAÇÃO\IN.P.CL.002.02.CB.DFT,  2,  2,  5.20,  5.2,  ACO NBR 7008 ZC PRE PINTADA,  1.95,  2147.4 ,  161.6, 0.34 M²,,,,
Z:\PROCESSO\E-2024\Ordem de serviço 1\ITEM 1\PROGRAMAÇÃO\IN.P.CL.002.03.CB.DFT,  2,  2,  5.51,  5.51,  ACO NBR 7008 ZC PRE PINTADA,  1.95,  2147.4 ,  171.6, 0.36 M²,,,,
Z:\PROCESSO\E-2024\Ordem de serviço 1\ITEM 1\PROGRAMAÇÃO\IN.P.CL.003.01.CB.DFT,  2,  2,  3.75,  3.75,  ACO NBR 7008 ZC PRE PINTADA,  1.95,  2147.4 ,  116.4, 0.245 M²,,,,
Z:\PROCESSO\E-2024\Ordem de serviço 1\ITEM 1\PROGRAMAÇÃO\IN.P.FE.024.01.CB.DFT,  2,  2,  27.02,  27.02,  ACO NBR 7008 ZC PRE PINTADA,  1.95,  2117.4 ,  834.9, 1.765 M²,,,,
Z:\PROCESSO\E-2024\Ordem de serviço 1\ITEM 1\PROGRAMAÇÃO\IN.P.PE.018.01.CB.DFT,  1,  1,  26.48,  26.48,  ACO NBR 7008 ZC PRE PINTADA,  1.95,  2107.4 ,  821.9, 1.73 M²,,,,
Z:\PROCESSO\E-2024\Ordem de serviço 1\ITEM 1\PROGRAMAÇÃO\IN.P.PE.019.01.CB.DFT,  1,  1,  27.07,  27.07,  ACO NBR 7008 ZC PRE PINTADA,  1.95,  2107.4 ,  840.1, 1.768 M²,,,,
Z:\PROCESSO\E-2024\Ordem de serviço 1\ITEM 1\PROGRAMAÇÃO\IN.P.SU.001.01.BB.DFT,  8,  8,  0.05,  0.05,  ACO NBR 7008 ZC,  1.95,  81.8 ,  40, 0.003 M²,,,,
Z:\PROCESSO\E-2024\Ordem de serviço 1\ITEM 1\PROGRAMAÇÃO\IN.P.BA.001.01.BA.DFT,  2,  2,  5.33,  5.33,  ACO NBR 7008 ZC,  2.7,  1384 ,  188.8, 0.252 M²,,,,
Z:\PROCESSO\E-2024\Ordem de serviço 1\ITEM 1\PROGRAMAÇÃO\IN.P.BA.002.01.BA.DFT,  2,  2,  5.33,  5.33,  ACO NBR 7008 ZC,  2.7,  1384 ,  188.8, 0.252 M²,,,,
Z:\PROCESSO\E-2024\Ordem de serviço 1\ITEM 1\PROGRAMAÇÃO\IN.P.BA.036.01.BA.DFT,  2,  2,  6.20,  6.2,  ACO NBR 7008 ZC,  2.7,  1600 ,  188.8, 0.293 M²,,,,
Z:\PROCESSO\E-2024\Ordem de serviço 1\ITEM 1\PROGRAMAÇÃO\IN.P.BA.037.01.BA.DFT,  1,  1,  6.73,  6.73,  ACO NBR 7008 ZC,  2.7,  1579.4 ,  206.1, 0.317 M²,,,,
Z:\PROCESSO\E-2024\Ordem de serviço 1\ITEM 1\PROGRAMAÇÃO\IN.P.BA.038.01.BA.DFT,  1,  1,  4.33,  4.33,  ACO NBR 7008 ZC,  2.7,  1579.4 ,  131.4, 0.204 M²,,,,
Z:\PROCESSO\E-2024\Ordem de serviço 1\ITEM 1\PROGRAMAÇÃO\IN.P.BT.042.01.CB.DFT,  1,  1,  7.17,  7.17,  ACO NBR 7008 ZC PRE PINTADA,  1.95,  1600 ,  300, 0.469 M²,,,,
Z:\PROCESSO\E-2024\Ordem de serviço 1\ITEM 1\PROGRAMAÇÃO\IN.P.BT.043.01.CB.DFT,  2,  2,  0.66,  0.66,  ACO NBR 7008 ZC PRE PINTADA,  1.95,  718 ,  60, 0.043 M²,,,,
Z:\PROCESSO\E-2024\Ordem de serviço 1\ITEM 1\PROGRAMAÇÃO\FFURORESERVA.01.DFT,  1,  1,  0.03,  0.03,  ACO NBR 7008 ZC PRE PINTADA,  1.95,  80 ,  25, 0.002 M²,,,,
Z:\PROCESSO\E-2024\Ordem de serviço 1\ITEM 1\PROGRAMAÇÃO\IN.P.BT.040.01.CB.DFT,  1,  1,  1.80,  1.8,  ACO NBR 7008 ZC PRE PINTADA,  1.95,  1518 ,  78.3, 0.118 M²,,,,
Z:\PROCESSO\E-2024\Ordem de serviço 1\ITEM 1\PROGRAMAÇÃO\IN.P.BT.041.01.CB.DFT,  2,  2,  0.86,  0.86,  ACO NBR 7008 ZC PRE PINTADA,  1.95,  718 ,  78.3, 0.056 M²,,,,
Z:\PROCESSO\E-2024\Ordem de serviço 1\ITEM 1\PROGRAMAÇÃO\IN.P.CH.001.01.CB.DFT,  2,  2,  4.72,  4.72,  ACO NBR 7008 ZC PRE PINTADA,  1.95,  1448.5 ,  237.3, 0.309 M²,,,,
Z:\PROCESSO\E-2024\Ordem de serviço 1\ITEM 1\PROGRAMAÇÃO\IN.P.CH.002.01.CB.DFT,  2,  2,  4.72,  4.72,  ACO NBR 7008 ZC PRE PINTADA,  1.95,  1451.3 ,  237.3, 0.309 M²,,,,
Z:\PROCESSO\E-2024\Ordem de serviço 1\ITEM 1\PROGRAMAÇÃO\IN.P.CH.025.01.CB1941.DFT,  1,  1,  12.87,  12.87,  ACO NBR 7008 ZC PRE PINTADA,  1.95,  1600 ,  562.2, 0.841 M²,,,,
Z:\PROCESSO\E-2024\Ordem de serviço 1\ITEM 1\PROGRAMAÇÃO\IN.P.CH.026.01.CB.DFT,  1,  1,  3.40,  3.4,  ACO NBR 7008 ZC PRE PINTADA,  1.95,  1600 ,  202.5, 0.222 M²,,,,
Z:\PROCESSO\E-2024\Ordem de serviço 1\ITEM 1\PROGRAMAÇÃO\IN.P.CH.062.01.CB.DFT,  1,  1,  4.87,  4.87,  ACO NBR 7008 ZC PRE PINTADA,  1.95,  1666.9 ,  197.1, 0.318 M²,,,,
Z:\PROCESSO\E-2024\Ordem de serviço 1\ITEM 1\PROGRAMAÇÃO\IN.P.FE.025.01.BD.DFT,  1,  1,  0.98,  0.98,  ACO NBR 7008 ZC,  0.95,  1520 ,  90, 0.131 M²,,,,
Z:\PROCESSO\E-2024\Ordem de serviço 1\ITEM 1\PROGRAMAÇÃO\IN.P.FI.023.01.BB.DFT,  1,  1,  12.28,  12.28,  ACO NBR 7008 ZC,  1.95,  1622.4 ,  497.4, 0.802 M²,,,,
Z:\PROCESSO\E-2024\Ordem de serviço 1\ITEM 1\PROGRAMAÇÃO\IN.P.TL.014.01.CB.DFT,  2,  2,  22.32,  22.32,  ACO NBR 7008 ZC PRE PINTADA,  1.95,  1674.8 ,  884.8, 1.458 M²,,,,
Z:\PROCESSO\E-2024\Ordem de serviço 1\ITEM 1\PROGRAMAÇÃO\IN.P.FE.016.01.CB.DFT,  2,  2,  22.96,  22.96,  ACO NBR 7008 ZC PRE PINTADA,  1.95,  2117.4 ,  709.9, 1.5 M²,,,,
Z:\PROCESSO\E-2024\Ordem de serviço 1\ITEM 1\PROGRAMAÇÃO\IN.P.PE.010.01.CB.DFT,  1,  1,  22.45,  22.45,  ACO NBR 7008 ZC PRE PINTADA,  1.95,  2107.4 ,  696.9, 1.467 M²,,,,
Z:\PROCESSO\E-2024\Ordem de serviço 1\ITEM 1\PROGRAMAÇÃO\IN.P.PE.011.01.CB.DFT,  1,  1,  23.04,  23.04,  ACO NBR 7008 ZC PRE PINTADA,  1.95,  2107.4 ,  715.1, 1.505 M²,,,,
Z:\PROCESSO\E-2024\Ordem de serviço 1\ITEM 1\PROGRAMAÇÃO\IN.P.BA.024.01.BA.DFT,  2,  2,  5.20,  5.2,  ACO NBR 7008 ZC,  2.7,  1350 ,  188.8, 0.245 M²,,,,
Z:\PROCESSO\E-2024\Ordem de serviço 1\ITEM 1\PROGRAMAÇÃO\IN.P.BA.025.01.BA.DFT,  1,  1,  5.63,  5.63,  ACO NBR 7008 ZC,  2.7,  1329.4 ,  206.1, 0.266 M²,,,,
Z:\PROCESSO\E-2024\Ordem de serviço 1\ITEM 1\PROGRAMAÇÃO\IN.P.BA.026.01.BA.DFT,  1,  1,  3.63,  3.63,  ACO NBR 7008 ZC,  2.7,  1329.4 ,  131.4, 0.171 M²,,,,
Z:\PROCESSO\E-2024\Ordem de serviço 1\ITEM 1\PROGRAMAÇÃO\IN.P.BT.026.01.CB.DFT,  1,  1,  6.03,  6.03,  ACO NBR 7008 ZC PRE PINTADA,  1.95,  1350 ,  300, 0.394 M²,,,,
Z:\PROCESSO\E-2024\Ordem de serviço 1\ITEM 1\PROGRAMAÇÃO\IN.P.BT.027.01.CB.DFT,  2,  2,  0.54,  0.54,  ACO NBR 7008 ZC PRE PINTADA,  1.95,  593 ,  60, 0.036 M²,,,,
Z:\PROCESSO\E-2024\Ordem de serviço 1\ITEM 1\PROGRAMAÇÃO\IN.P.BT.024.01.CB.DFT,  1,  1,  1.50,  1.5,  ACO NBR 7008 ZC PRE PINTADA,  1.95,  1268 ,  78.3, 0.098 M²,,,,
Z:\PROCESSO\E-2024\Ordem de serviço 1\ITEM 1\PROGRAMAÇÃO\IN.P.BT.025.01.CB.DFT,  2,  2,  0.71,  0.71,  ACO NBR 7008 ZC PRE PINTADA,  1.95,  593 ,  78.3, 0.046 M²,,,,
Z:\PROCESSO\E-2024\Ordem de serviço 1\ITEM 1\PROGRAMAÇÃO\IN.P.CH.017.01.CB.DFT,  1,  1,  10.72,  10.72,  ACO NBR 7008 ZC PRE PINTADA,  1.95,  1350 ,  562.2, 0.701 M²,,,,
Z:\PROCESSO\E-2024\Ordem de serviço 1\ITEM 1\PROGRAMAÇÃO\IN.P.CH.018.01.CB.DFT,  1,  1,  2.85,  2.85,  ACO NBR 7008 ZC PRE PINTADA,  1.95,  1350 ,  202.5, 0.186 M²,,,,
Z:\PROCESSO\E-2024\Ordem de serviço 1\ITEM 1\PROGRAMAÇÃO\IN.P.CH.058.01.CB.DFT,  1,  1,  4.11,  4.11,  ACO NBR 7008 ZC PRE PINTADA,  1.95,  1416.9 ,  197.1, 0.269 M²,,,,
Z:\PROCESSO\E-2024\Ordem de serviço 1\ITEM 1\PROGRAMAÇÃO\IN.P.FE.017.01.BD.DFT,  1,  1,  0.82,  0.82,  ACO NBR 7008 ZC,  0.95,  1270 ,  90, 0.109 M²,,,,
Z:\PROCESSO\E-2024\Ordem de serviço 1\ITEM 1\PROGRAMAÇÃO\IN.P.FI.015.01.BB.DFT,  1,  1,  10.37,  10.37,  ACO NBR 7008 ZC,  1.95,  1372.4 ,  497.4, 0.678 M²,,,,
Z:\PROCESSO\E-2024\Ordem de serviço 1\ITEM 1\PROGRAMAÇÃO\IN.P.TL.010.01.CB.DFT,  2,  2,  19.12,  19.12,  ACO NBR 7008 ZC PRE PINTADA,  1.95,  1674.8 ,  759.8, 1.249 M²,,,,
Z:\PROCESSO\E-2024\Ordem de serviço 1\ITEM 1\PROGRAMAÇÃO\NP.P.FI.002.01.BB.DFT,  3,  3,  0.07,  0.07,  ACO NBR 7008 ZC,  1.95,  110 ,  40, 0.004 M²,,,,
Z:\PROCESSO\E-2024\Ordem de serviço 1\ITEM 1\PROGRAMAÇÃO\NP.P.SU.002.02.BB.DFT,  2,  2,  1.53,  1.53,  ACO NBR 7008 ZC,  1.95,  660 ,  162.3, 0.1 M²,,,,
Z:\PROCESSO\E-2024\Ordem de serviço 1\ITEM 1\PROGRAMAÇÃO\NP.P.SU.053.01.BB.DFT,  8,  8,  0.14,  0.14,  ACO NBR 7008 ZC,  1.95,  165 ,  57.4, 0.009 M²,,,,
Z:\PROCESSO\E-2024\Ordem de serviço 1\ITEM 1\PROGRAMAÇÃO\NP.P.BA.001.01.BB.DFT,  2,  2,  7.23,  7.23,  ACO NBR 7008 ZC,  1.95,  1048.1 ,  570, 0.473 M²,,,,
Z:\PROCESSO\E-2024\Ordem de serviço 1\ITEM 1\PROGRAMAÇÃO\NP.P.CH.001.01.BB.DFT,  2,  2,  14.47,  14.47,  ACO NBR 7008 ZC,  1.95,  1688.1 ,  570, 0.945 M²,,,,
Z:\PROCESSO\E-2024\Ordem de serviço 1\ITEM 1\PROGRAMAÇÃO\NP.P.CL.001.01.BB.DFT,  1,  1,  26.96,  26.96,  ACO NBR 7008 ZC,  1.95,  1792.4 ,  1030.6, 1.761 M²,,,,
Z:\PROCESSO\E-2024\Ordem de serviço 1\ITEM 1\PROGRAMAÇÃO\NP.P.CL.002.01.BB.DFT,  1,  1,  27.75,  27.75,  ACO NBR 7008 ZC,  1.95,  1792.4 ,  1030.6, 1.813 M²,,,,
Z:\PROCESSO\E-2024\Ordem de serviço 1\ITEM 1\PROGRAMAÇÃO\NP.P.FE.001.02.BB.DFT,  2,  2,  6.48,  6.48,  ACO NBR 7008 ZC,  0.95,  1610 ,  560, 0.869 M²,,,,
Z:\PROCESSO\E-2024\Ordem de serviço 1\ITEM 1\PROGRAMAÇÃO\NP.P.RE.001.01.BB.DFT,  4,  4,  0.71,  0.71,  ACO NBR 7008 ZC,  1.95,  570 ,  81.8, 0.046 M²,,,,
Z:\PROCESSO\E-2024\Ordem de serviço 1\ITEM 1\PROGRAMAÇÃO\NP.P.SU.001.01.BB.DFT,  4,  4,  0.78,  0.78,  ACO NBR 7008 ZC,  1.95,  460 ,  112.4, 0.051 M²,,,,
Z:\PROCESSO\E-2024\Ordem de serviço 1\ITEM 1\PROGRAMAÇÃO\NP.P.SU.003.01.BB.DFT,  1,  1,  1.44,  1.44,  ACO NBR 7008 ZC,  1.95,  1210.8 ,  79.4, 0.094 M²,,,,
Z:\PROCESSO\E-2024\Ordem de serviço 1\ITEM 1\PROGRAMAÇÃO\NP.P.SU.037.01.BB.DFT,  1,  1,  0.04,  0.04,  ACO NBR 7008 ZC,  1.95,  67.4 ,  40, 0.003 M²,,,,
Z:\PROCESSO\E-2024\Ordem de serviço 1\ITEM 1\PROGRAMAÇÃO\NP.P.FE.003.01.BB.DFT,  2,  2,  1.73,  1.73,  ACO NBR 7008 ZC,  1.95,  630 ,  180, 0.113 M²,,,,
Z:\PROCESSO\E-2024\Ordem de serviço 1\ITEM 1\PROGRAMAÇÃO\NP.P.FL.001.03.BB.DFT,  2,  2,  1.13,  1.13,  ACO NBR 7008 ZC,  1.95,  640 ,  119, 0.074 M²,,,,
Z:\PROCESSO\E-2024\Ordem de serviço 1\ITEM 1\PROGRAMAÇÃO\NP.P.PE.001.01.CB.DFT,  2,  2,  9.62,  9.62,  ACO NBR 7008 ZC PRE PINTADA,  1.95,  1046.4 ,  606.4, 0.628 M²,,,,
Z:\PROCESSO\E-2024\Ordem de serviço 1\ITEM 1\PROGRAMAÇÃO\NP.P.RE.002.01.BB.DFT,  6,  6,  0.67,  0.67,  ACO NBR 7008 ZC,  1.95,  870 ,  51.2, 0.044 M²,,,,
Z:\PROCESSO\E-2024\Ordem de serviço 1\ITEM 1\PROGRAMAÇÃO\NP.P.RE.003.01.BB.DFT,  8,  8,  1.02,  1.02,  ACO NBR 7008 ZC,  1.95,  482 ,  144.8, 0.067 M²,,,,
Z:\PROCESSO\E-2024\Ordem de serviço 1\ITEM 1\PROGRAMAÇÃO\NP.P.RE.003.02.BB.DFT,  2,  2,  1.02,  1.02,  ACO NBR 7008 ZC,  1.95,  482 ,  144.8, 0.066 M²,,,,
Z:\PROCESSO\E-2024\Ordem de serviço 1\ITEM 1\PROGRAMAÇÃO\NP.P.RE.004.01.BB.DFT,  2,  2,  0.52,  0.52,  ACO NBR 7008 ZC,  1.95,  480 ,  71.4, 0.034 M²,,,,
Z:\PROCESSO\E-2024\Ordem de serviço 1\ITEM 1\PROGRAMAÇÃO\NP.P.SU.004.01.BB.DFT,  2,  2,  2.28,  2.28,  ACO NBR 7008 ZC,  1.95,  660 ,  227.4, 0.149 M²,,,,
Z:\PROCESSO\E-2024\Ordem de serviço 1\ITEM 1\PROGRAMAÇÃO\NP.P.SU.005.01.BB.DFT,  1,  1,  0.28,  0.28,  ACO NBR 7008 ZC,  1.95,  194.8 ,  100, 0.018 M²,,,,
Z:\PROCESSO\E-2024\Ordem de serviço 1\ITEM 1\PROGRAMAÇÃO\NP.P.BA.002.01.BB.DFT,  1,  1,  15.48,  15.48,  ACO NBR 7008 ZC,  1.95,  1048.1 ,  970, 1.011 M²,,,,
Z:\PROCESSO\E-2024\Ordem de serviço 1\ITEM 1\PROGRAMAÇÃO\NP.P.CH.002.01.BB.DFT,  1,  1,  17.77,  17.77,  ACO NBR 7008 ZC,  1.95,  1203.1 ,  970, 1.161 M²,,,,
Z:\PROCESSO\E-2024\Ordem de serviço 1\ITEM 1\PROGRAMAÇÃO\NP.P.CL.003.01.BB.DFT,  1,  1,  27.11,  27.11,  ACO NBR 7008 ZC,  1.95,  1792.4 ,  1030.6, 1.771 M²,,,,
Z:\PROCESSO\E-2024\Ordem de serviço 1\ITEM 1\PROGRAMAÇÃO\NP.P.CL.004.01.BB.DFT,  1,  1,  27.88,  27.88,  ACO NBR 7008 ZC,  1.95,  1792.4 ,  1030.6, 1.822 M²,,,,
Z:\PROCESSO\E-2024\Ordem de serviço 1\ITEM 1\PROGRAMAÇÃO\NP.P.FE.004.02.BB.DFT,  1,  1,  11.13,  11.13,  ACO NBR 7008 ZC,  0.95,  1610 ,  960, 1.492 M²,,,,
Z:\PROCESSO\E-2024\Ordem de serviço 1\ITEM 1\PROGRAMAÇÃO\NP.P.RE.013.01.BB.DFT,  2,  2,  2.52,  2.52,  ACO NBR 7008 ZC,  1.95,  1645 ,  100.1, 0.164 M²,,,,
Z:\PROCESSO\E-2024\Ordem de serviço 1\ITEM 1\PROGRAMAÇÃO\NP.P.PE.002.04.CB.DFT,  1,  1,  23.36,  23.36,  ACO NBR 7008 ZC PRE PINTADA,  1.95,  1531.4 ,  1006.4, 1.526 M²,,,,
Z:\PROCESSO\E-2024\Ordem de serviço 1\ITEM 1\PROGRAMAÇÃO\NP.P.RE.005.01.BB.DFT,  2,  2,  1.06,  1.06,  ACO NBR 7008 ZC,  1.95,  1355 ,  51.2, 0.069 M²,,,,
Z:\PROCESSO\E-2024\Ordem de serviço 1\ITEM 1\PROGRAMAÇÃO\NP.P.RE.006.01.BB.DFT,  4,  4,  1.90,  1.9,  ACO NBR 7008 ZC,  1.95,  882 ,  144.8, 0.124 M²,,,,
Z:\PROCESSO\E-2024\Ordem de serviço 1\ITEM 1\PROGRAMAÇÃO\NP.P.RE.006.02.BB.DFT,  1,  1,  1.90,  1.9,  ACO NBR 7008 ZC,  1.95,  882 ,  144.8, 0.124 M²,,,,
Z:\PROCESSO\E-2024\Ordem de serviço 1\ITEM 1\PROGRAMAÇÃO\CM.P.AESA4.030.DFT,  2,  2,  0.33,  0.33,  ACO NBR 7008 ZC,  1.95,  290.8 ,  133.2, 0.022 M²,,,,
Z:\PROCESSO\E-2024\Ordem de serviço 1\ITEM 1\PROGRAMAÇÃO\CM.P.AESA4.031.DFT,  2,  2,  0.19,  0.19,  ACO NBR 7008 ZC,  1.95,  150.9 ,  86.7, 0.012 M²,,,,
Z:\PROCESSO\E-2024\Ordem de serviço 1\ITEM 1\PROGRAMAÇÃO\NP.P.SU.006.01.BB.DFT,  1,  1,  1.60,  1.6,  ACO NBR 7008 ZC,  1.95,  660 ,  174.8, 0.104 M²,,,,
Z:\PROCESSO\E-2024\Ordem de serviço 1\ITEM 1\PROGRAMAÇÃO\NP.P.SU.011.01.BB.DFT,  2,  2,  0.23,  0.23,  ACO NBR 7008 ZC,  1.95,  148.6 ,  100, 0.015 M²,,,,
Z:\PROCESSO\E-2024\Ordem de serviço 1\ITEM 1\PROGRAMAÇÃO\NP.P.SU.012.01.BB.DFT,  1,  1,  4.81,  4.81,  ACO NBR 7008 ZC,  1.95,  820 ,  386.1, 0.314 M²,,,,
Z:\PROCESSO\E-2024\Ordem de serviço 1\ITEM 1\PROGRAMAÇÃO\NP.P.SU.013.01.BB.DFT,  2,  2,  2.01,  2.01,  ACO NBR 7008 ZC,  1.95,  820 ,  160.4, 0.131 M²,,,,
Z:\PROCESSO\E-2024\Ordem de serviço 1\ITEM 1\PROGRAMAÇÃO\NP.P.SU.014.01.BB.DFT,  1,  1,  5.69,  5.69,  ACO NBR 7008 ZC,  1.95,  820 ,  454.8, 0.372 M²,,,,
Z:\PROCESSO\E-2024\Ordem de serviço 1\ITEM 1\PROGRAMAÇÃO\NP.P.SU.015.01.BB.DFT,  2,  2,  2.19,  2.19,  ACO NBR 7008 ZC,  1.95,  820 ,  178.6, 0.143 M²,,,,
Z:\PROCESSO\E-2024\Ordem de serviço 1\ITEM 1\PROGRAMAÇÃO\CM.P.AESA4.001.DFT,  1,  1,  14.43,  14.43,  ACO SAE 1008 COMUM,  1.5,  1390.3 ,  900, 1.225 M²,,,,
Z:\PROCESSO\E-2024\Ordem de serviço 1\ITEM 1\PROGRAMAÇÃO\CM.P.AESA4.002.DFT,  2,  2,  2.72,  2.72,  ACO SAE 1008 COMUM,  1.5,  746 ,  313.7, 0.231 M²,,,,
Z:\PROCESSO\E-2024\Ordem de serviço 1\ITEM 1\PROGRAMAÇÃO\CM.P.AESA4.003.DFT,  2,  2,  0.75,  0.75,  ACO SAE 1008 COMUM,  1.9,  298.5 ,  200, 0.05 M²,,,,
Z:\PROCESSO\E-2024\Ordem de serviço 1\ITEM 1\PROGRAMAÇÃO\CM.P.AESA4.004.DFT,  2,  2,  0.56,  0.56,  ACO NBR 7008 ZC,  1.95,  680 ,  55.2, 0.036 M²,,,,
Z:\PROCESSO\E-2024\Ordem de serviço 1\ITEM 1\PROGRAMAÇÃO\CM.P.AESA4.005.DFT,  2,  2,  0.33,  0.33,  ACO NBR 7008 ZC,  1.95,  680 ,  33.2, 0.022 M²,,,,
Z:\PROCESSO\E-2024\Ordem de serviço 1\ITEM 1\PROGRAMAÇÃO\CM.P.AESA4.006.DFT,  2,  2,  0.02,  0.02,  ACO SAE 1008 COMUM,  1.5,  83.6 ,  20, 0.002 M²,,,,
Z:\PROCESSO\E-2024\Ordem de serviço 1\ITEM 1\PROGRAMAÇÃO\CM.P.AESA4.007.DFT,  2,  2,  0.02,  0.02,  ACO SAE 1008 COMUM,  1.5,  80.1 ,  20, 0.002 M²,,,,
Z:\PROCESSO\E-2024\Ordem de serviço 1\ITEM 1\PROGRAMAÇÃO\CM.P.AESA4.008.DFT,  1,  1,  0.07,  0.07,  ACO SAE 1008 COMUM,  1.5,  100 ,  58.8, 0.006 M²,,,,
Z:\PROCESSO\E-2024\Ordem de serviço 1\ITEM 1\PROGRAMAÇÃO\CM.P.AESA4.009.DFT,  2,  2,  1.06,  1.06,  ACO NBR 7008 ZC,  1.95,  840 ,  84.9, 0.069 M²,,,,
Z:\PROCESSO\E-2024\Ordem de serviço 1\ITEM 1\PROGRAMAÇÃO\CM.P.AESA4.011.DFT,  1,  1,  0.13,  0.13,  ACO SAE 1008 COMUM,  1.5,  148.9 ,  85, 0.011 M²,,,,
Z:\PROCESSO\E-2024\Ordem de serviço 1\ITEM 1\PROGRAMAÇÃO\CM.P.AESA4.012.DFT,  1,  1,  7.02,  7.02,  ACO SAE 1008 COMUM,  1.5,  873.8 ,  735.7, 0.596 M²,,,,
Z:\PROCESSO\E-2024\Ordem de serviço 1\ITEM 1\PROGRAMAÇÃO\CM.P.AESA4.014.DFT,  4,  4,  0.05,  0.05,  ACO NBR 7008 ZC,  1.95,  160 ,  20, 0.003 M²,,,,
Z:\PROCESSO\E-2024\Ordem de serviço 1\ITEM 1\PROGRAMAÇÃO\NP.P.CL.001.02.BB.DFT,  1,  1,  27.74,  27.74,  ACO NBR 7008 ZC,  1.95,  1792.4 ,  1030.6, 1.812 M²,,,,
Z:\PROCESSO\E-2024\Ordem de serviço 1\ITEM 1\PROGRAMAÇÃO\NP.P.CL.002.02.BB.DFT,  1,  1,  27.74,  27.74,  ACO NBR 7008 ZC,  1.95,  1792.4 ,  1030.6, 1.812 M²,,,,
Z:\PROCESSO\E-2024\Ordem de serviço 1\ITEM 1\PROGRAMAÇÃO\NP.P.SU.020.01.BB.DFT,  2,  2,  1.55,  1.55,  ACO NBR 7008 ZC,  1.95,  905 ,  112.4, 0.101 M²,,,,
Z:\PROCESSO\E-2024\Ordem de serviço 1\ITEM 1\PROGRAMAÇÃO\NP.P.FL.001.02.BB.DFT,  4,  4,  1.14,  1.14,  ACO NBR 7008 ZC,  1.95,  640 ,  119, 0.074 M²,,,,
Z:\PROCESSO\E-2024\Ordem de serviço 1\ITEM 1\PROGRAMAÇÃO\NP.P.SU.048.01.BB.DFT,  1,  1,  1.39,  1.39,  ACO NBR 7008 ZC,  1.95,  482.4 ,  192.4, 0.091 M²,,,,
Z:\PROCESSO\E-2024\Ordem de serviço 1\ITEM 1\PROGRAMAÇÃO\NP.P.SU.049.01.BB.DFT,  1,  1,  0.21,  0.21,  ACO NBR 7008 ZC,  1.95,  121.2 ,  181.2, 0.014 M²,,,,
Z:\PROCESSO\E-2024\Ordem de serviço 1\ITEM 1\PROGRAMAÇÃO\NP.P.CC.001.01.BB-2024.DFT,  1,  1,  9.52,  9.52,  ACO NBR 7008 ZC,  1.95,  1144.8 ,  552.4, 0.622 M²,,,,
Z:\PROCESSO\E-2024\Ordem de serviço 1\ITEM 1\PROGRAMAÇÃO\NP.P.TI.001.02.BB.DFT,  1,  1,  2.37,  2.37,  ACO NBR 7008 ZC,  1.95,  640 ,  246.2, 0.155 M²,,,,
Z:\PROCESSO\E-2024\Ordem de serviço 1\ITEM 1\PROGRAMAÇÃO\NP.P.TS.001.01.BB.DFT,  1,  1,  2.38,  2.38,  ACO NBR 7008 ZC,  1.95,  640 ,  246.2, 0.156 M²,,,,
Z:\PROCESSO\E-2024\Ordem de serviço 1\ITEM 1\PROGRAMAÇÃO\NP.P.PE.005.03.CB-1385.DFT,  1,  1,  5.04,  5.04,  ACO NBR 7008 ZC PRE PINTADA,  1.95,  666.4 ,  516.4, 0.329 M²,,,,
Z:\PROCESSO\E-2024\Ordem de serviço 1\ITEM 1\PROGRAMAÇÃO\NP.P.PM.001.02.BB-1889.DFT,  1,  1,  2.36,  2.36,  ACO NBR 7008 ZC,  1.95,  402.4 ,  396.4, 0.154 M²,,,,
Z:\PROCESSO\E-2024\Ordem de serviço 1\ITEM 1\PROGRAMAÇÃO\NP.P.SU.036.01.BB.DFT,  1,  1,  0.05,  0.05,  ACO NBR 7008 ZC,  1.95,  72.2 ,  50, 0.004 M²,,,,
Z:\PROCESSO\E-2024\Ordem de serviço 1\ITEM 1\PROGRAMAÇÃO\NP.P.BA.003.01.BB.DFT,  1,  1,  9.59,  9.59,  ACO NBR 7008 ZC,  1.95,  1048.1 ,  720, 0.626 M²,,,,
Z:\PROCESSO\E-2024\Ordem de serviço 1\ITEM 1\PROGRAMAÇÃO\NP.P.BT.001.01.BB.DFT,  1,  1,  2.02,  2.02,  ACO NBR 7008 ZC,  1.95,  1000 ,  137.5, 0.132 M²,,,,
Z:\PROCESSO\E-2024\Ordem de serviço 1\ITEM 1\PROGRAMAÇÃO\NP.P.CH.003.01.BB.DFT,  1,  1,  12.95,  12.95,  ACO NBR 7008 ZC,  1.95,  1186.6 ,  720, 0.846 M²,,,,
Z:\PROCESSO\E-2024\Ordem de serviço 1\ITEM 1\PROGRAMAÇÃO\NP.P.CH.003.07.BB.DFT,  1,  1,  5.98,  5.98,  ACO NBR 7008 ZC,  1.95,  720 ,  565, 0.391 M²,,,,
Z:\PROCESSO\E-2024\Ordem de serviço 1\ITEM 1\PROGRAMAÇÃO\NP.P.CL.005.01.BB.DFT,  1,  1,  27.77,  27.77,  ACO NBR 7008 ZC,  1.95,  1792.4 ,  1030.6, 1.814 M²,,,,
Z:\PROCESSO\E-2024\Ordem de serviço 1\ITEM 1\PROGRAMAÇÃO\NP.P.CL.006.01.BB.DFT,  1,  1,  27.73,  27.73,  ACO NBR 7008 ZC,  1.95,  1792.4 ,  1030.6, 1.812 M²,,,,
Z:\PROCESSO\E-2024\Ordem de serviço 1\ITEM 1\PROGRAMAÇÃO\NP.P.FE.006.02.BB.DFT,  1,  1,  8.22,  8.22,  ACO NBR 7008 ZC,  0.95,  1610 ,  710, 1.102 M²,,,,
Z:\PROCESSO\E-2024\Ordem de serviço 1\ITEM 1\PROGRAMAÇÃO\NP.P.RE.007.01.BB.DFT,  2,  2,  0.90,  0.9,  ACO NBR 7008 ZC,  1.95,  720 ,  81.8, 0.059 M²,,,,
Z:\PROCESSO\E-2024\Ordem de serviço 1\ITEM 1\PROGRAMAÇÃO\NP.P.FE.008.02.CB.DFT,  1,  1,  7.30,  7.3,  ACO NBR 7008 ZC PRE PINTADA,  1.95,  1112.4 ,  447.4, 0.477 M²,,,,
Z:\PROCESSO\E-2024\Ordem de serviço 1\ITEM 1\PROGRAMAÇÃO\NP.P.FE.011.02.BB.DFT,  1,  1,  5.21,  5.21,  ACO NBR 7008 ZC,  1.95,  1006.4 ,  344.4, 0.34 M²,,,,
Z:\PROCESSO\E-2024\Ordem de serviço 1\ITEM 1\PROGRAMAÇÃO\NP.P.PE.003.01.CB.DFT,  1,  1,  6.02,  6.02,  ACO NBR 7008 ZC PRE PINTADA,  1.95,  1046.4 ,  381.4, 0.393 M²,,,,
Z:\PROCESSO\E-2024\Ordem de serviço 1\ITEM 1\PROGRAMAÇÃO\NP.P.RE.008.01.BB.DFT,  4,  4,  0.52,  0.52,  ACO NBR 7008 ZC,  1.95,  257 ,  144.8, 0.034 M²,,,,
Z:\PROCESSO\E-2024\Ordem de serviço 1\ITEM 1\PROGRAMAÇÃO\NP.P.RE.008.02.BB.DFT,  1,  1,  0.52,  0.52,  ACO NBR 7008 ZC,  1.95,  257 ,  144.8, 0.034 M²,,,,
Z:\PROCESSO\E-2024\Ordem de serviço 1\ITEM 1\PROGRAMAÇÃO\NP.P.RE.009.01.BB.DFT,  1,  1,  0.28,  0.28,  ACO NBR 7008 ZC,  1.95,  255 ,  71.4, 0.018 M²,,,,
Z:\PROCESSO\E-2024\Ordem de serviço 1\ITEM 1\PROGRAMAÇÃO\NP.P.SU.016.01.BB.DFT,  2,  2,  0.60,  0.6,  ACO NBR 7008 ZC,  1.95,  334.4 ,  190.4, 0.039 M²,,,,
Z:\PROCESSO\E-2024\Ordem de serviço 1\ITEM 1\PROGRAMAÇÃO\NP.P.SU.017.01.BB.DFT,  2,  2,  0.56,  0.56,  ACO NBR 7008 ZC,  1.95,  725 ,  52.4, 0.036 M²,,,,
Z:\PROCESSO\E-2024\Ordem de serviço 1\ITEM 1\PROGRAMAÇÃO\NP.P.SU.018.01.BB.DFT,  3,  3,  1.08,  1.08,  ACO NBR 7008 ZC,  1.95,  312.4 ,  228, 0.07 M²,,,,
Z:\PROCESSO\E-2024\Ordem de serviço 1\ITEM 1\PROGRAMAÇÃO\NP.P.SU.024.01.BB.DFT,  1,  1,  1.33,  1.33,  ACO NBR 7008 ZC,  1.95,  730 ,  121.4, 0.087 M²,,,,
Z:\PROCESSO\E-2024\Ordem de serviço 1\ITEM 1\PROGRAMAÇÃO\NP.P.SU.021.01.BB.DFT,  1,  1,  0.41,  0.41,  ACO NBR 7008 ZC,  1.95,  700 ,  42.2, 0.027 M²,,,,
Z:\PROCESSO\E-2024\Ordem de serviço 1\ITEM 1\PROGRAMAÇÃO\NP.P.SU.022.01.BB.DFT,  1,  1,  0.71,  0.71,  ACO NBR 7008 ZC,  1.95,  700 ,  67.4, 0.047 M²,,,,
Z:\PROCESSO\E-2024\Ordem de serviço 1\ITEM 1\PROGRAMAÇÃO\NP.P.SU.023.01.BB.DFT,  2,  2,  1.91,  1.91,  ACO NBR 7008 ZC,  1.95,  368.4 ,  343, 0.125 M²,,,,
Z:\PROCESSO\E-2024\Ordem de serviço 1\ITEM 1\PROGRAMAÇÃO\NP.P.SU.044.01.BB.DFT,  1,  1,  0.85,  0.85,  ACO NBR 7008 ZC,  2.7,  500 ,  83.4, 0.04 M²,,,,
Z:\PROCESSO\E-2024\Ordem de serviço 1\ITEM 1\PROGRAMAÇÃO\NP.P.SU.045.01.BB.DFT,  1,  1,  4.66,  4.66,  ACO NBR 7008 ZC,  1.95,  861.3 ,  406.6, 0.304 M²,,,,
Z:\PROCESSO\E-2024\Ordem de serviço 1\ITEM 1\PROGRAMAÇÃO\NP.P.SU.046.01.BB.DFT,  1,  1,  2.10,  2.1,  ACO NBR 7008 ZC,  1.95,  683 ,  201.2, 0.137 M²,,,,
Z:\PROCESSO\E-2024\Ordem de serviço 1\ITEM 1\PROGRAMAÇÃO\NP.P.SU.047.01.BB.DFT,  1,  1,  0.39,  0.39,  ACO NBR 7008 ZC,  1.95,  165.2 ,  165, 0.025 M²,,,,
Z:\PROCESSO\E-2024\Ordem de serviço 1\ITEM 1\PROGRAMAÇÃO\NP.P.RE.014.01.BB.DFT,  2,  2,  1.30,  1.3,  ACO NBR 7008 ZC,  2.7,  340 ,  184.4, 0.061 M²,,,,
Z:\PROCESSO\E-2024\Ordem de serviço 1\ITEM 1\PROGRAMAÇÃO\NP.P.RE.015.01.BB.DFT,  2,  2,  1.21,  1.21,  ACO NBR 7008 ZC,  2.7,  340 ,  172, 0.057 M²,,,,
Z:\PROCESSO\E-2024\Ordem de serviço 1\ITEM 1\PROGRAMAÇÃO\NP.P.RE.016.01.BB.DFT,  2,  2,  1.12,  1.12,  ACO NBR 7008 ZC,  2.7,  340 ,  159.6, 0.053 M²,,,,
Z:\PROCESSO\E-2024\Ordem de serviço 1\ITEM 1\PROGRAMAÇÃO\NP.P.RE.017.01.BB.DFT,  2,  2,  1.30,  1.3,  ACO NBR 7008 ZC,  2.7,  340 ,  184.4, 0.061 M²,,,,
Z:\PROCESSO\E-2024\Ordem de serviço 1\ITEM 1\PROGRAMAÇÃO\NP.P.RE.018.01.BB.DFT,  2,  2,  1.21,  1.21,  ACO NBR 7008 ZC,  2.7,  340 ,  172, 0.057 M²,,,,
Z:\PROCESSO\E-2024\Ordem de serviço 1\ITEM 1\PROGRAMAÇÃO\NP.P.RE.019.01.BB.DFT,  2,  2,  1.12,  1.12,  ACO NBR 7008 ZC,  2.7,  340 ,  159.6, 0.053 M²,,,,
---------------------------------------------------------------------------------------------------------,,,,,,,,
,,,,,,,,
Parts in SubNests:,,,,,,,,
--------------------------------------------------------------,,,,,,,,
 Order         , SN_NUM   , P_NUM    , Placed Qty , SN_Qty ,,,,
--------------------------------------------------------------,,,,,,,,
2024_O1_I1.dsp       , 1  , 73   , 1 , 1 ,,,,
2024_O1_I1.dsp       , 2  , 29   , 1 , 1 ,,,,
2024_O1_I1.dsp       , 2  , 45   , 1 , 1 ,,,,
2024_O1_I1.dsp       , 2  , 117   , 1 , 1 ,,,,
2024_O1_I1.dsp       , 3  , 55   , 2 , 1 ,,,,
2024_O1_I1.dsp       , 4  , 53   , 1 , 1 ,,,,
2024_O1_I1.dsp       , 4  , 74   , 1 , 1 ,,,,
2024_O1_I1.dsp       , 4  , 78   , 1 , 1 ,,,,
2024_O1_I1.dsp       , 4  , 104   , 1 , 1 ,,,,
2024_O1_I1.dsp       , 4  , 123   , 1 , 1 ,,,,
2024_O1_I1.dsp       , 4  , 134   , 1 , 1 ,,,,
2024_O1_I1.dsp       , 4  , 135   , 1 , 1 ,,,,
2024_O1_I1.dsp       , 5  , 54   , 1 , 1 ,,,,
2024_O1_I1.dsp       , 5  , 74   , 1 , 1 ,,,,
2024_O1_I1.dsp       , 5  , 76   , 1 , 1 ,,,,
2024_O1_I1.dsp       , 5  , 84   , 2 , 1 ,,,,
2024_O1_I1.dsp       , 5  , 125   , 2 , 1 ,,,,
2024_O1_I1.dsp       , 6  , 13   , 8 , 1 ,,,,
2024_O1_I1.dsp       , 6  , 56   , 4 , 1 ,,,,
2024_O1_I1.dsp       , 6  , 71   , 1 , 1 ,,,,
2024_O1_I1.dsp       , 6  , 76   , 1 , 1 ,,,,
2024_O1_I1.dsp       , 6  , 80   , 2 , 1 ,,,,
2024_O1_I1.dsp       , 6  , 122   , 4 , 1 ,,,,
2024_O1_I1.dsp       , 6  , 124   , 1 , 1 ,,,,
2024_O1_I1.dsp       , 6  , 130   , 1 , 1 ,,,,
2024_O1_I1.dsp       , 7  , 72   , 1 , 1 ,,,,
2024_O1_I1.dsp       , 7  , 77   , 4 , 1 ,,,,
2024_O1_I1.dsp       , 7  , 79   , 2 , 1 ,,,,
2024_O1_I1.dsp       , 8  , 4   , 4 , 1 ,,,,
2024_O1_I1.dsp       , 8  , 58   , 1 , 1 ,,,,
2024_O1_I1.dsp       , 8  , 66   , 2 , 1 ,,,,
2024_O1_I1.dsp       , 8  , 81   , 1 , 1 ,,,,
2024_O1_I1.dsp       , 8  , 95   , 2 , 1 ,,,,
2024_O1_I1.dsp       , 8  , 99   , 1 , 1 ,,,,
2024_O1_I1.dsp       , 8  , 126   , 2 , 1 ,,,,
2024_O1_I1.dsp       , 8  , 129   , 1 , 1 ,,,,
2024_O1_I1.dsp       , 9  , 50   , 8 , 1 ,,,,
2024_O1_I1.dsp       , 9  , 60   , 2 , 1 ,,,,
2024_O1_I1.dsp       , 9  , 100   , 1 , 1 ,,,,
2024_O1_I1.dsp       , 9  , 101   , 2 , 1 ,,,,
2024_O1_I1.dsp       , 10  , 48   , 3 , 1 ,,,,
2024_O1_I1.dsp       , 10  , 49   , 2 , 1 ,,,,
2024_O1_I1.dsp       , 10  , 59   , 1 , 1 ,,,,
2024_O1_I1.dsp       , 10  , 68   , 1 , 1 ,,,,
2024_O1_I1.dsp       , 10  , 82   , 2 , 1 ,,,,
2024_O1_I1.dsp       , 10  , 90   , 2 , 1 ,,,,
2024_O1_I1.dsp       , 10  , 115   , 1 , 1 ,,,,
2024_O1_I1.dsp       , 10  , 118   , 2 , 1 ,,,,
2024_O1_I1.dsp       , 10  , 128   , 1 , 1 ,,,,
2024_O1_I1.dsp       , 11  , 64   , 8 , 1 ,,,,
2024_O1_I1.dsp       , 11  , 116   , 1 , 1 ,,,,
2024_O1_I1.dsp       , 12  , 52   , 2 , 1 ,,,,
2024_O1_I1.dsp       , 12  , 133   , 1 , 1 ,,,,
2024_O1_I1.dsp       , 13  , 57   , 4 , 1 ,,,,
2024_O1_I1.dsp       , 13  , 70   , 1 , 1 ,,,,
2024_O1_I1.dsp       , 13  , 98   , 4 , 1 ,,,,
2024_O1_I1.dsp       , 13  , 103   , 1 , 1 ,,,,
2024_O1_I1.dsp       , 13  , 106   , 1 , 1 ,,,,
2024_O1_I1.dsp       , 13  , 110   , 1 , 1 ,,,,
2024_O1_I1.dsp       , 13  , 111   , 1 , 1 ,,,,
2024_O1_I1.dsp       , 14  , 30   , 1 , 1 ,,,,
2024_O1_I1.dsp       , 14  , 46   , 1 , 1 ,,,,
2024_O1_I1.dsp       , 14  , 65   , 2 , 1 ,,,,
2024_O1_I1.dsp       , 14  , 86   , 1 , 1 ,,,,
2024_O1_I1.dsp       , 14  , 109   , 1 , 1 ,,,,
2024_O1_I1.dsp       , 14  , 114   , 1 , 1 ,,,,
2024_O1_I1.dsp       , 15  , 51   , 2 , 1 ,,,,
2024_O1_I1.dsp       , 15  , 61   , 1 , 1 ,,,,
2024_O1_I1.dsp       , 15  , 69   , 1 , 1 ,,,,
2024_O1_I1.dsp       , 15  , 91   , 2 , 1 ,,,,
2024_O1_I1.dsp       , 16  , 61   , 1 , 1 ,,,,
2024_O1_I1.dsp       , 16  , 67   , 1 , 1 ,,,,
2024_O1_I1.dsp       , 16  , 83   , 1 , 1 ,,,,
2024_O1_I1.dsp       , 16  , 85   , 1 , 1 ,,,,
2024_O1_I1.dsp       , 16  , 113   , 1 , 1 ,,,,
2024_O1_I1.dsp       , 16  , 127   , 3 , 1 ,,,,
2024_O1_I1.dsp       , 16  , 131   , 2 , 1 ,,,,
2024_O1_I1.dsp       , 17  , 63   , 6 , 1 ,,,,
2024_O1_I1.dsp       , 17  , 67   , 1 , 1 ,,,,
2024_O1_I1.dsp       , 17  , 86   , 1 , 1 ,,,,
2024_O1_I1.dsp       , 17  , 102   , 4 , 1 ,,,,
2024_O1_I1.dsp       , 17  , 105   , 1 , 1 ,,,,
2024_O1_I1.dsp       , 17  , 107   , 1 , 1 ,,,,
2024_O1_I1.dsp       , 17  , 112   , 1 , 1 ,,,,
2024_O1_I1.dsp       , 17  , 120   , 1 , 1 ,,,,
2024_O1_I1.dsp       , 18  , 15   , 2 , 1 ,,,,
2024_O1_I1.dsp       , 18  , 16   , 2 , 1 ,,,,
2024_O1_I1.dsp       , 18  , 17   , 1 , 1 ,,,,
2024_O1_I1.dsp       , 18  , 36   , 1 , 1 ,,,,
2024_O1_I1.dsp       , 18  , 136   , 2 , 1 ,,,,
2024_O1_I1.dsp       , 18  , 137   , 2 , 1 ,,,,
2024_O1_I1.dsp       , 18  , 138   , 2 , 1 ,,,,
2024_O1_I1.dsp       , 18  , 140   , 2 , 1 ,,,,
2024_O1_I1.dsp       , 18  , 141   , 2 , 1 ,,,,
2024_O1_I1.dsp       , 19  , 14   , 2 , 1 ,,,,
2024_O1_I1.dsp       , 19  , 18   , 1 , 1 ,,,,
2024_O1_I1.dsp       , 19  , 35   , 2 , 1 ,,,,
2024_O1_I1.dsp       , 19  , 37   , 1 , 1 ,,,,
2024_O1_I1.dsp       , 19  , 132   , 1 , 1 ,,,,
2024_O1_I1.dsp       , 19  , 139   , 2 , 1 ,,,,
2024_O1_I1.dsp       , 20  , 87   , 1 , 1 ,,,,
2024_O1_I1.dsp       , 20  , 88   , 2 , 1 ,,,,
2024_O1_I1.dsp       , 20  , 92   , 2 , 1 ,,,,
2024_O1_I1.dsp       , 20  , 93   , 2 , 1 ,,,,
2024_O1_I1.dsp       , 20  , 94   , 1 , 1 ,,,,
2024_O1_I1.dsp       , 20  , 96   , 1 , 1 ,,,,
2024_O1_I1.dsp       , 21  , 97   , 1 , 1 ,,,,
2024_O1_I1.dsp       , 22  , 89   , 2 , 1 ,,,,
2024_O1_I1.dsp       , 23  , 3   , 1 , 2 ,,,,
2024_O1_I1.dsp       , 24  , 12   , 1 , 1 ,,,,
2024_O1_I1.dsp       , 24  , 19   , 1 , 1 ,,,,
2024_O1_I1.dsp       , 25  , 10   , 1 , 1 ,,,,
2024_O1_I1.dsp       , 25  , 23   , 2 , 1 ,,,,
2024_O1_I1.dsp       , 25  , 38   , 1 , 1 ,,,,
2024_O1_I1.dsp       , 25  , 41   , 2 , 1 ,,,,
2024_O1_I1.dsp       , 26  , 6   , 2 , 1 ,,,,
2024_O1_I1.dsp       , 26  , 10   , 1 , 1 ,,,,
2024_O1_I1.dsp       , 27  , 8   , 2 , 1 ,,,,
2024_O1_I1.dsp       , 27  , 11   , 1 , 1 ,,,,
2024_O1_I1.dsp       , 28  , 5   , 2 , 1 ,,,,
2024_O1_I1.dsp       , 28  , 9   , 1 , 1 ,,,,
2024_O1_I1.dsp       , 28  , 34   , 1 , 1 ,,,,
2024_O1_I1.dsp       , 29  , 7   , 2 , 1 ,,,,
2024_O1_I1.dsp       , 29  , 9   , 1 , 1 ,,,,
2024_O1_I1.dsp       , 29  , 32   , 1 , 1 ,,,,
2024_O1_I1.dsp       , 30  , 20   , 2 , 1 ,,,,
2024_O1_I1.dsp       , 30  , 28   , 1 , 1 ,,,,
2024_O1_I1.dsp       , 30  , 32   , 1 , 1 ,,,,
2024_O1_I1.dsp       , 30  , 39   , 1 , 1 ,,,,
2024_O1_I1.dsp       , 30  , 43   , 1 , 1 ,,,,
2024_O1_I1.dsp       , 31  , 2   , 2 , 1 ,,,,
2024_O1_I1.dsp       , 31  , 22   , 1 , 1 ,,,,
2024_O1_I1.dsp       , 31  , 33   , 1 , 1 ,,,,
2024_O1_I1.dsp       , 31  , 39   , 1 , 1 ,,,,
2024_O1_I1.dsp       , 31  , 40   , 1 , 1 ,,,,
2024_O1_I1.dsp       , 32  , 62   , 1 , 1 ,,,,
2024_O1_I1.dsp       , 32  , 75   , 1 , 1 ,,,,
2024_O1_I1.dsp       , 33  , 27   , 1 , 1 ,,,,
2024_O1_I1.dsp       , 33  , 31   , 1 , 1 ,,,,
2024_O1_I1.dsp       , 33  , 121   , 1 , 1 ,,,,
2024_O1_I1.dsp       , 34  , 31   , 1 , 1 ,,,,
2024_O1_I1.dsp       , 34  , 44   , 1 , 1 ,,,,
2024_O1_I1.dsp       , 34  , 119   , 1 , 1 ,,,,
2024_O1_I1.dsp       , 35  , 1   , 3 , 1 ,,,,
2024_O1_I1.dsp       , 35  , 47   , 1 , 1 ,,,,
2024_O1_I1.dsp       , 36  , 25   , 1 , 1 ,,,,
2024_O1_I1.dsp       , 36  , 47   , 1 , 1 ,,,,
2024_O1_I1.dsp       , 37  , 21   , 1 , 1 ,,,,
2024_O1_I1.dsp       , 37  , 26   , 1 , 1 ,,,,
2024_O1_I1.dsp       , 37  , 42   , 1 , 1 ,,,,
2024_O1_I1.dsp       , 37  , 108   , 1 , 1 ,,,,
2024_O1_I1.dsp       , 38  , 24   , 2 , 1 ,,,,
2024_O1_I1.dsp       , 38  , 25   , 1 , 1 ,,,,
2024_O1_I1.dsp       , 38  , 62   , 1 , 1 ,,,,
--------------------------------------------------------------,,,,,,,,
,,,,,,,,
,,,,,,,,
Laser parameters:,,,,,,,,
---------------------------------------------------------------------------------------,,,,,,,,
Gas             ,Lens              ,Table name            ,"Speed       		      ",,,,,
---------------------------------------------------------------------------------------,,,,,,,,
-1        ,-1         ,   ,-1 ,,,,,
-1        ,-1         ,   ,-1 ,,,,,
-1        ,-1         ,   ,-1 ,,,,,
-1        ,-1         ,   ,-1 ,,,,,
-1        ,-1         ,   ,-1 ,,,,,
-1        ,-1         ,   ,-1 ,,,,,
-1        ,-1         ,   ,-1 ,,,,,
-1        ,-1         ,   ,-1 ,,,,,
-1        ,-1         ,   ,-1 ,,,,,
-1        ,-1         ,   ,-1 ,,,,,
-1        ,-1         ,   ,-1 ,,,,,
-1        ,-1         ,   ,-1 ,,,,,
-1        ,-1         ,   ,-1 ,,,,,
-1        ,-1         ,   ,-1 ,,,,,
-1        ,-1         ,   ,-1 ,,,,,
-1        ,-1         ,   ,-1 ,,,,,
-1        ,-1         ,   ,-1 ,,,,,
-1        ,-1         ,   ,-1 ,,,,,
-1        ,-1         ,   ,-1 ,,,,,
-1        ,-1         ,   ,-1 ,,,,,
-1        ,-1         ,   ,-1 ,,,,,
-1        ,-1         ,   ,-1 ,,,,,
-1        ,-1         ,   ,-1 ,,,,,
-1        ,-1         ,   ,-1 ,,,,,
-1        ,-1         ,   ,-1 ,,,,,
-1        ,-1         ,   ,-1 ,,,,,
-1        ,-1         ,   ,-1 ,,,,,
-1        ,-1         ,   ,-1 ,,,,,
-1        ,-1         ,   ,-1 ,,,,,
-1        ,-1         ,   ,-1 ,,,,,
-1        ,-1         ,   ,-1 ,,,,,
-1        ,-1         ,   ,-1 ,,,,,
-1        ,-1         ,   ,-1 ,,,,,
-1        ,-1         ,   ,-1 ,,,,,
-1        ,-1         ,   ,-1 ,,,,,
-1        ,-1         ,   ,-1 ,,,,,
-1        ,-1         ,   ,-1 ,,,,,
-1        ,-1         ,   ,-1 ,,,,,
-1        ,-1         ,   ,-1 ,,,,,
-1        ,-1         ,   ,-1 ,,,,,
-1        ,-1         ,   ,-1 ,,,,,
-1        ,-1         ,   ,-1 ,,,,,
-1        ,-1         ,   ,-1 ,,,,,
-1        ,-1         ,   ,-1 ,,,,,
-1        ,-1         ,   ,-1 ,,,,,
-1        ,-1         ,   ,-1 ,,,,,
-1        ,-1         ,   ,-1 ,,,,,
-1        ,-1         ,   ,-1 ,,,,,
-1        ,-1         ,   ,-1 ,,,,,
-1        ,-1         ,   ,-1 ,,,,,
-1        ,-1         ,   ,-1 ,,,,,
-1        ,-1         ,   ,-1 ,,,,,
-1        ,-1         ,   ,-1 ,,,,,
-1        ,-1         ,   ,-1 ,,,,,
-1        ,-1         ,   ,-1 ,,,,,
-1        ,-1         ,   ,-1 ,,,,,
-1        ,-1         ,   ,-1 ,,,,,
-1        ,-1         ,   ,-1 ,,,,,
-1        ,-1         ,   ,-1 ,,,,,
-1        ,-1         ,   ,-1 ,,,,,
-1        ,-1         ,   ,-1 ,,,,,
-1        ,-1         ,   ,-1 ,,,,,
-1        ,-1         ,   ,-1 ,,,,,
-1        ,-1         ,   ,-1 ,,,,,
-1        ,-1         ,   ,-1 ,,,,,
-1        ,-1         ,   ,-1 ,,,,,
-1        ,-1         ,   ,-1 ,,,,,
-1        ,-1         ,   ,-1 ,,,,,
-1        ,-1         ,   ,-1 ,,,,,
-1        ,-1         ,   ,-1 ,,,,,
-1        ,-1         ,   ,-1 ,,,,,
-1        ,-1         ,   ,-1 ,,,,,
-1        ,-1         ,   ,-1 ,,,,,
-1        ,-1         ,   ,-1 ,,,,,
-1        ,-1         ,   ,-1 ,,,,,
-1        ,-1         ,   ,-1 ,,,,,
-1        ,-1         ,   ,-1 ,,,,,
-1        ,-1         ,   ,-1 ,,,,,
-1        ,-1         ,   ,-1 ,,,,,
-1        ,-1         ,   ,-1 ,,,,,
-1        ,-1         ,   ,-1 ,,,,,
-1        ,-1         ,   ,-1 ,,,,,
-1        ,-1         ,   ,-1 ,,,,,
-1        ,-1         ,   ,-1 ,,,,,
-1        ,-1         ,   ,-1 ,,,,,
-1        ,-1         ,   ,-1 ,,,,,
-1        ,-1         ,   ,-1 ,,,,,
-1        ,-1         ,   ,-1 ,,,,,
-1        ,-1         ,   ,-1 ,,,,,
-1        ,-1         ,   ,-1 ,,,,,
-1        ,-1         ,   ,-1 ,,,,,
-1        ,-1         ,   ,-1 ,,,,,
-1        ,-1         ,   ,-1 ,,,,,
-1        ,-1         ,   ,-1 ,,,,,
-1        ,-1         ,   ,-1 ,,,,,
-1        ,-1         ,   ,-1 ,,,,,
-1        ,-1         ,   ,-1 ,,,,,
-1        ,-1         ,   ,-1 ,,,,,
-1        ,-1         ,   ,-1 ,,,,,
-1        ,-1         ,   ,-1 ,,,,,
-1        ,-1         ,   ,-1 ,,,,,
-1        ,-1         ,   ,-1 ,,,,,
-1        ,-1         ,   ,-1 ,,,,,
-1        ,-1         ,   ,-1 ,,,,,
-1        ,-1         ,   ,-1 ,,,,,
-1        ,-1         ,   ,-1 ,,,,,
-1        ,-1         ,   ,-1 ,,,,,
-1        ,-1         ,   ,-1 ,,,,,
-1        ,-1         ,   ,-1 ,,,,,
-1        ,-1         ,   ,-1 ,,,,,
-1        ,-1         ,   ,-1 ,,,,,
-1        ,-1         ,   ,-1 ,,,,,
-1        ,-1         ,   ,-1 ,,,,,
-1        ,-1         ,   ,-1 ,,,,,
-1        ,-1         ,   ,-1 ,,,,,
-1        ,-1         ,   ,-1 ,,,,,
-1        ,-1         ,   ,-1 ,,,,,
-1        ,-1         ,   ,-1 ,,,,,
-1        ,-1         ,   ,-1 ,,,,,
-1        ,-1         ,   ,-1 ,,,,,
-1        ,-1         ,   ,-1 ,,,,,
-1        ,-1         ,   ,-1 ,,,,,
-1        ,-1         ,   ,-1 ,,,,,
-1        ,-1         ,   ,-1 ,,,,,
-1        ,-1         ,   ,-1 ,,,,,
-1        ,-1         ,   ,-1 ,,,,,
-1        ,-1         ,   ,-1 ,,,,,
-1        ,-1         ,   ,-1 ,,,,,
-1        ,-1         ,   ,-1 ,,,,,
-1        ,-1         ,   ,-1 ,,,,,
-1        ,-1         ,   ,-1 ,,,,,
-1        ,-1         ,   ,-1 ,,,,,
-1        ,-1         ,   ,-1 ,,,,,
-1        ,-1         ,   ,-1 ,,,,,
-1        ,-1         ,   ,-1 ,,,,,
-1        ,-1         ,   ,-1 ,,,,,
-1        ,-1         ,   ,-1 ,,,,,
-1        ,-1         ,   ,-1 ,,,,,
-1        ,-1         ,   ,-1 ,,,,,
-1        ,-1         ,   ,-1 ,,,,,
-1        ,-1         ,   ,-1 ,,,,,
-1        ,-1         ,   ,-1 ,,,,,
-1        ,-1         ,   ,-1 ,,,,,
-1        ,-1         ,   ,-1 ,,,,,
-1        ,-1         ,   ,-1 ,,,,,
-1        ,-1         ,   ,-1 ,,,,,
-1        ,-1         ,   ,-1 ,,,,,
-1        ,-1         ,   ,-1 ,,,,,
-1        ,-1         ,   ,-1 ,,,,,
-1        ,-1         ,   ,-1 ,,,,,
-1        ,-1         ,   ,-1 ,,,,,
-1        ,-1         ,   ,-1 ,,,,,
-1        ,-1         ,   ,-1 ,,,,,
-1        ,-1         ,   ,-1 ,,,,,
---------------------------------------------------------------------------------------,,,,,,,,
"Nozzle diameter 	         ","Beam diameter(Kerf)	         ","Used laser power	      ",,,,,,
---------------------------------------------------------------------------------------,,,,,,,,
@LAS'PIERCE'REDUSED_FEEDRATE,@LAS'CUT'BEAM_DIAMETER'HIGH_CUT,@LAS'CUT'OUTPUT'HIGH_CUT ,,,,,,
---------------------------------------------------------------------------------------,,,,,,,,
